INSERT INTO Regions (RegionID, RegionName, Country) VALUES
(1, 'North America', 'USA'),
(2, 'South America', 'Brazil'),
(3, 'Europe West', 'UK'),
(4, 'Europe Central', 'Germany'),
(5, 'Asia East', 'Japan'),
(6, 'Asia South', 'India'),
(7, 'Oceania', 'Australia'),
(8, 'Africa North', 'Egypt'),
(9, 'Africa South', 'South Africa'),
(10, 'Middle East', 'UAE');

INSERT INTO Customers (CustomerID, CustomerName, Email, Phone, RegionID, CreatedAt) VALUES
(1, 'Joshua Rush', 'kfischer@dean.com', '001-481-835-7550x66140', 3, '2022-08-12'),
(2, 'Sandra Taylor', 'vicki15@richard-thomas.org', '839.054.1688', 6, '2023-06-23'),
(3, 'Pamela Lucero', 'dale39@johnson-paul.com', '+1-090-402-2085x490', 1, '2023-04-02'),
(4, 'William Smith', 'christina02@yahoo.com', '777-032-5798x290', 10, '2024-03-29'),
(5, 'Thomas Lewis', 'hallnicole@singh.org', '001-645-951-3629x801', 3, '2023-03-12'),
(6, 'Amy Wright', 'ecampbell@ball-parsons.org', '001-089-333-1924x242', 8, '2025-01-12'),
(7, 'Kevin Diaz', 'greenkathy@hotmail.com', '(129)030-6632x03831', 2, '2022-08-28'),
(8, 'Claudia Williams', 'davidfry@yahoo.com', '001-529-899-7400x78620', 5, '2023-10-20'),
(9, 'Richard Alexander', 'charles34@harris.biz', '+1-541-492-0975x85836', 9, '2024-11-17'),
(10, 'Christopher Burgess', 'hwallace@hotmail.com', '+1-108-865-0592x73087', 9, '2024-09-16'),
(11, 'Jenna Allen', 'nwilcox@yahoo.com', '(965)565-5850', 3, '2022-12-09'),
(12, 'Cynthia Donaldson', 'tamarajones@yahoo.com', '649.576.2671', 7, '2025-03-05'),
(13, 'Paul Jackson', 'lloydhannah@gallagher.com', '150-848-1809', 5, '2023-09-14'),
(14, 'Kelly Mcneil', 'peter14@simpson-fowler.com', '687.481.1255x32938', 5, '2023-01-25'),
(15, 'Matthew Acevedo', 'tking@harper.com', '+1-173-334-2639x1435', 2, '2022-11-19'),
(16, 'Carol Burton', 'guzmanlisa@jones-molina.net', '(179)771-9164', 5, '2025-01-17'),
(17, 'Mary Henderson', 'webbmelissa@kelley.com', '(169)119-6295x168', 7, '2024-11-08'),
(18, 'Tamara Rojas', 'sjimenez@cole-hudson.com', '488.070.7332', 4, '2022-08-15'),
(19, 'Lisa Ball', 'nortonamanda@yahoo.com', '(063)267-4800x27908', 1, '2024-12-03'),
(20, 'Roy Hopkins', 'collinsphillip@ramirez.com', '821-244-4475x5013', 7, '2024-02-26'),
(21, 'Savannah Ramsey', 'vramos@singh.org', '+1-796-280-5448', 6, '2024-03-29'),
(22, 'Michelle Pope', 'elizabeth71@webster.net', '(411)541-4362x576', 7, '2024-10-24'),
(23, 'Mary Herrera', 'jason78@mccormick-williams.com', '(718)903-3774', 4, '2023-03-21'),
(24, 'Christopher Gomez', 'pollardsara@yahoo.com', '001-102-495-3442', 7, '2023-09-23'),
(25, 'Michele Brandt', 'edwardsbrenda@martin-johnson.com', '172.508.6727x2284', 2, '2023-07-22'),
(26, 'Tara Simpson', 'elizabeth54@long-callahan.com', '+1-429-591-1717x3782', 10, '2023-08-31'),
(27, 'Wendy Bryant', 'sheila09@butler.net', '001-507-328-4275x852', 7, '2022-11-09'),
(28, 'Michael Johnston', 'michaellewis@peterson.com', '+1-827-582-9514', 1, '2024-03-16'),
(29, 'Jennifer Love', 'karen53@hotmail.com', '334-775-7560', 1, '2024-09-12'),
(30, 'Charles Hudson', 'qsimmons@gmail.com', '001-673-660-3485', 7, '2024-04-16'),
(31, 'Stephanie Smith', 'rhernandez@fisher.com', '649-635-9041', 9, '2024-02-02'),
(32, 'James Gonzalez', 'ellenrocha@yahoo.com', '+1-252-343-4003x3389', 9, '2023-05-06'),
(33, 'April Greene', 'dhernandez@stevens.org', '910-702-3101', 8, '2024-12-29'),
(34, 'Ashley Bates', 'underwoodshawn@yahoo.com', '(003)600-4885x95695', 5, '2022-08-09'),
(35, 'Vincent Thomas', 'stevensjessica@miller.com', '571.188.9611x74369', 3, '2025-03-29'),
(36, 'Eric Campbell', 'vanessa37@yahoo.com', '(053)191-6928', 3, '2023-07-05'),
(37, 'Ashley Stone', 'harriskristen@gilmore.net', '(633)160-7426x879', 5, '2023-11-16'),
(38, 'Justin Elliott', 'shaunbrooks@richard.com', '(058)971-0099', 5, '2023-06-01'),
(39, 'Matthew Velasquez', 'jdean@blankenship-lewis.org', '0755948204', 10, '2024-03-08'),
(40, 'James Wagner', 'angela36@hotmail.com', '631.340.6893', 10, '2023-12-21'),
(41, 'Randy Terry', 'jacobmitchell@gmail.com', '253-871-8209x903', 9, '2023-04-19'),
(42, 'Angela Mendoza', 'melissa63@lee.com', '+1-098-054-7241x821', 5, '2024-09-05'),
(43, 'Cole Day', 'okelly@grant-norris.com', '635.445.5685', 2, '2023-09-18'),
(44, 'Ann Cochran', 'jamie29@contreras.com', '+1-108-676-3071x3155', 2, '2022-07-02'),
(45, 'Rachel Holt', 'sbaker@gmail.com', '+1-856-189-8199', 3, '2024-09-27'),
(46, 'Sean Gallagher', 'amitchell@davis.com', '001-279-020-4493x62200', 2, '2022-06-09'),
(47, 'Michael Suarez', 'skrause@crane-hogan.net', '609.376.3312', 7, '2023-11-05'),
(48, 'Robert Edwards', 'deanna34@yahoo.com', '001-816-217-8024x343', 9, '2022-10-13'),
(49, 'Christian Edwards', 'joshua33@rojas.com', '(404)666-8321x3041', 2, '2022-06-10'),
(50, 'William Ferguson DDS', 'james44@bright.com', '028.565.2535', 9, '2024-08-17'),
(51, 'Robert Bond', 'vthompson@cherry-moses.com', '903.379.2027x54909', 7, '2023-09-03'),
(52, 'Pamela Miranda MD', 'amber88@pierce-fisher.info', '(461)444-3813', 8, '2024-01-01'),
(53, 'Patrick Lang', 'kimberly18@lowe.com', '+1-956-303-0252x87316', 5, '2024-10-28'),
(54, 'Susan Williams', 'lmarshall@mills.com', '5703479531', 7, '2023-06-25'),
(55, 'Jennifer Johnson', 'dawnross@hotmail.com', '(139)414-7249', 8, '2024-02-13'),
(56, 'Austin Gordon', 'hernandezjenna@gmail.com', '1882165033', 2, '2024-09-05'),
(57, 'Tyler Gibson', 'savannahcampbell@lindsey-johnson.biz', '+1-203-825-5933', 7, '2024-12-22'),
(58, 'Kristen Cannon', 'david68@hotmail.com', '001-927-847-1568x751', 3, '2025-01-17'),
(59, 'Marilyn Taylor', 'estradamatthew@zimmerman-ward.com', '+1-670-147-9012', 3, '2024-12-05'),
(60, 'Pamela Jones', 'anthony45@harris.com', '(381)621-8868', 4, '2023-03-31'),
(61, 'John Barton', 'danielmeagan@whitehead.com', '776-988-6269x834', 3, '2024-12-28'),
(62, 'Samuel Chen', 'eric73@pratt-combs.info', '464.330.0903x08473', 5, '2024-07-04'),
(63, 'Wendy Hunt', 'scottdavid@yahoo.com', '705.051.2517', 8, '2025-04-08'),
(64, 'Matthew Williams', 'crystal53@yahoo.com', '9628968909', 1, '2023-01-24'),
(65, 'Tracie Waters', 'juliedouglas@nelson.com', '(047)732-6267x10236', 9, '2022-06-18'),
(66, 'James Case', 'yulaura@graham.biz', '(779)220-5194', 4, '2024-12-01'),
(67, 'Matthew Sanders', 'andrew58@martin-carr.com', '071.638.7962x8260', 8, '2023-10-16'),
(68, 'Alexis Cohen', 'mwilliams@gmail.com', '(192)439-3374x8147', 5, '2023-01-15'),
(69, 'Cynthia Rogers', 'jamesmurphy@rose.com', '109.165.4260', 3, '2022-07-14'),
(70, 'Dawn Fowler', 'joseph14@yahoo.com', '8673480418', 7, '2023-09-16');

INSERT INTO Orders (OrderID, CustomerID, OrderDate, IsReturned) VALUES
(1, 83, '2023-06-04', FALSE),
(2, 88, '2023-05-25', FALSE),
(3, 79, '2024-08-07', TRUE),
(4, 156, '2024-12-05', FALSE),
(5, 11, '2023-12-04', FALSE),
(6, 43, '2023-05-30', TRUE),
(7, 117, '2023-12-14', TRUE),
(8, 135, '2023-05-11', FALSE),
(9, 176, '2025-03-26', TRUE),
(10, 149, '2024-02-29', FALSE),
(11, 179, '2025-03-21', TRUE),
(12, 157, '2023-06-07', FALSE),
(13, 13, '2024-03-05', TRUE),
(14, 148, '2023-08-14', FALSE),
(15, 21, '2024-07-17', FALSE),
(16, 152, '2024-09-17', TRUE),
(17, 179, '2023-07-22', FALSE),
(18, 39, '2025-03-22', FALSE),
(19, 136, '2023-12-05', FALSE),
(20, 148, '2024-05-04', FALSE),
(21, 176, '2024-08-25', FALSE),
(22, 97, '2023-12-26', FALSE),
(23, 196, '2024-07-09', FALSE),
(24, 42, '2023-10-02', FALSE),
(25, 5, '2023-05-21', TRUE),
(26, 25, '2025-01-06', FALSE),
(27, 7, '2024-10-15', FALSE),
(28, 200, '2023-12-31', FALSE),
(29, 15, '2024-08-23', TRUE),
(30, 53, '2023-10-25', TRUE),
(31, 110, '2023-06-03', FALSE),
(32, 189, '2023-08-05', FALSE),
(33, 200, '2023-07-23', TRUE),
(34, 77, '2025-02-05', FALSE),
(35, 73, '2025-03-28', FALSE),
(36, 87, '2024-11-05', FALSE),
(37, 174, '2025-01-02', FALSE),
(38, 8, '2024-09-16', FALSE),
(39, 198, '2024-02-03', FALSE),
(40, 74, '2024-10-30', FALSE),
(41, 13, '2024-08-29', FALSE),
(42, 37, '2024-10-28', FALSE),
(43, 134, '2023-08-01', FALSE),
(44, 51, '2024-08-12', TRUE),
(45, 60, '2024-01-08', FALSE),
(46, 137, '2023-12-07', FALSE),
(47, 2, '2023-07-21', TRUE),
(48, 174, '2024-07-19', FALSE),
(49, 120, '2024-06-09', FALSE),
(50, 185, '2024-10-09', FALSE);

INSERT INTO Products (ProductID, ProductName, Category, Price) VALUES
(1, 'Laptop B', 'Clothing', 739.49),
(2, 'Laptop C', 'Electronics', 520.15),
(3, 'Smartphone D', 'Accessories', 107.03),
(4, 'Shoes E', 'Electronics', 467.31),
(5, 'Shirt F', 'Electronics', 90.6),
(6, 'Smartphone G', 'Electronics', 729.92),
(7, 'Bag H', 'Accessories', 534.44),
(8, 'Bag I', 'Home', 674.2),
(9, 'Watch J', 'Beauty', 277.91),
(10, 'Bag K', 'Electronics', 46.3),
(11, 'Shoes L', 'Clothing', 403.36),
(12, 'Shoes M', 'Footwear', 208.93),
(13, 'Watch N', 'Home', 743.34),
(14, 'Shoes O', 'Home', 27.32),
(15, 'Bag P', 'Clothing', 993.52),
(16, 'Shirt Q', 'Electronics', 142.49),
(17, 'Shirt R', 'Clothing', 40.47),
(18, 'Bag S', 'Footwear', 487.92),
(19, 'Bag T', 'Accessories', 336.76),
(20, 'Watch U', 'Electronics', 676.79),
(21, 'Watch V', 'Beauty', 93.71),
(22, 'Laptop W', 'Beauty', 345.58),
(23, 'Laptop X', 'Electronics', 568.48),
(24, 'Watch Y', 'Footwear', 528.68),
(25, 'Smartphone Z', 'Beauty', 527.04),
(26, 'Watch A', 'Footwear', 230.74),
(27, 'Watch B', 'Beauty', 703.73),
(28, 'Watch C', 'Electronics', 235.84),
(29, 'Shirt D', 'Home', 891.21),
(30, 'Watch E', 'Beauty', 172.54),
(31, 'Watch F', 'Electronics', 256.94),
(32, 'Shirt G', 'Accessories', 250.09),
(33, 'Shoes H', 'Home', 706.78),
(34, 'Smartphone I', 'Footwear', 207.24),
(35, 'Shoes J', 'Clothing', 770.29),
(36, 'Shoes K', 'Footwear', 114.49),
(37, 'Shirt L', 'Electronics', 707.91),
(38, 'Watch M', 'Beauty', 979.92),
(39, 'Watch N', 'Electronics', 501.21),
(40, 'Smartphone O', 'Electronics', 219.23),
(41, 'Watch P', 'Clothing', 285.01),
(42, 'Watch Q', 'Electronics', 63.41),
(43, 'Shoes R', 'Footwear', 770.25),
(44, 'Laptop S', 'Clothing', 68.27),
(45, 'Bag T', 'Electronics', 256.97),
(46, 'Shirt U', 'Footwear', 660.98),
(47, 'Watch V', 'Beauty', 343.84),
(48, 'Watch W', 'Home', 285.27),
(49, 'Shoes X', 'Accessories', 117.17),
(50, 'Bag Y', 'Home', 834.71),
(51, 'Shirt Z', 'Home', 854.04),
(52, 'Shirt A', 'Footwear', 420.58),
(53, 'Watch B', 'Beauty', 390.71),
(54, 'Shirt C', 'Beauty', 645.47),
(55, 'Shoes D', 'Home', 858.32),
(56, 'Bag E', 'Footwear', 912.75),
(57, 'Bag F', 'Electronics', 734.91),
(58, 'Shirt G', 'Electronics', 464.42),
(59, 'Shoes H', 'Electronics', 333.56),
(60, 'Shirt I', 'Accessories', 619.71),
(61, 'Laptop J', 'Electronics', 870.61),
(62, 'Shirt K', 'Accessories', 86.39),
(63, 'Shoes L', 'Clothing', 369.5),
(64, 'Smartphone M', 'Clothing', 938.56),
(65, 'Shoes N', 'Home', 407.69),
(66, 'Shirt O', 'Footwear', 363.09),
(67, 'Smartphone P', 'Accessories', 784.97),
(68, 'Bag Q', 'Beauty', 810.6),
(69, 'Shirt R', 'Accessories', 587.01),
(70, 'Shirt S', 'Home', 821.35),
(71, 'Bag T', 'Accessories', 615.95),
(72, 'Smartphone U', 'Footwear', 642.34),
(73, 'Laptop V', 'Footwear', 101.3),
(74, 'Laptop W', 'Electronics', 316.69),
(75, 'Shoes X', 'Accessories', 123.14),
(76, 'Laptop Y', 'Accessories', 651.21),
(77, 'Shirt Z', 'Home', 177.34),
(78, 'Smartphone A', 'Accessories', 334.61),
(79, 'Watch B', 'Beauty', 165.15),
(80, 'Shoes C', 'Clothing', 141.88),
(81, 'Shirt D', 'Home', 637.06),
(82, 'Shoes E', 'Beauty', 77.75),
(83, 'Watch F', 'Electronics', 805.81),
(84, 'Watch G', 'Electronics', 690.67),
(85, 'Shirt H', 'Electronics', 422.95),
(86, 'Smartphone I', 'Accessories', 627.72),
(87, 'Bag J', 'Footwear', 368.89),
(88, 'Smartphone K', 'Electronics', 627.73),
(89, 'Shirt L', 'Footwear', 396.44),
(90, 'Watch M', 'Home', 54.22),
(91, 'Smartphone N', 'Footwear', 640.31),
(92, 'Smartphone O', 'Home', 217.88),
(93, 'Bag P', 'Accessories', 632.27),
(94, 'Shirt Q', 'Beauty', 400.46),
(95, 'Bag R', 'Beauty', 61.28),
(96, 'Laptop S', 'Beauty', 204.37),
(97, 'Shirt T', 'Accessories', 516.07),
(98, 'Watch U', 'Clothing', 760.93),
(99, 'Laptop V', 'Home', 209.6),
(100, 'Shirt W', 'Clothing', 470.0);

INSERT INTO OrderDetails (OrderDetailID, OrderID, ProductID, Quantity) VALUES
(1, 217, 66, 2),
(2, 854, 82, 4),
(3, 94, 32, 2),
(4, 375, 90, 4),
(5, 884, 6, 3),
(6, 174, 41, 1),
(7, 534, 25, 5),
(8, 821, 96, 1),
(9, 592, 64, 5),
(10, 406, 19, 4),
(11, 346, 65, 2),
(12, 514, 59, 5),
(13, 803, 28, 2),
(14, 640, 79, 1),
(15, 448, 21, 3),
(16, 26, 88, 1),
(17, 994, 62, 5),
(18, 585, 94, 1),
(19, 2, 36, 1),
(20, 912, 33, 3),
(21, 904, 93, 5),
(22, 696, 61, 2),
(23, 141, 52, 5),
(24, 904, 55, 5),
(25, 782, 86, 1),
(26, 781, 21, 3),
(27, 842, 18, 4),
(28, 425, 89, 5),
(29, 229, 57, 1),
(30, 763, 43, 2),
(31, 527, 34, 5),
(32, 357, 80, 1),
(33, 605, 99, 1),
(34, 437, 19, 5),
(35, 251, 19, 3),
(36, 571, 51, 1),
(37, 465, 13, 1),
(38, 435, 29, 2),
(39, 927, 88, 5),
(40, 302, 94, 5),
(41, 1000, 9, 4),
(42, 49, 8, 4),
(43, 15, 56, 5),
(44, 465, 10, 4),
(45, 15, 78, 5),
(46, 292, 12, 2),
(47, 18, 58, 4),
(48, 679, 10, 5),
(49, 612, 39, 1),
(50, 155, 50, 1);